discount_applied,avg_spent,total_revenue,transactions
False,129.22881036217305,1027627.5,7952
True,130.49104254789748,524443.5,4019
